{"train_loss":0.08110527694225311,"_timestamp":1.767389574149481e+09,"val_loss":0.653895886653491,"val_accuracy":81.25,"_runtime":109,"_wandb":{"runtime":109},"_step":1171,"epoch":1}