{"_timestamp":1.767388772705586e+09,"_step":0,"_wandb":{"runtime":46},"_runtime":46,"epoch":1,"train_loss":1.7347676753997803}