{"train_loss":1.6148695945739746,"_timestamp":1.767389431419265e+09,"_step":3577,"_wandb":{"runtime":110},"_runtime":110,"epoch":1}